IndicatorCode,Indicator,ValueType,ParentLocationCode,ParentLocation,Location type,SpatialDimValueCode,Location,Period type,Period,IsLatestYear,Dim1 type,Dim1,Dim1ValueCode,Dim2 type,Dim2,Dim2ValueCode,Dim3 type,Dim3,Dim3ValueCode,DataSourceDimValueCode,DataSource,FactValueNumericPrefix,FactValueNumeric,FactValueUoM,FactValueNumericLowPrefix,FactValueNumericLow,FactValueNumericHighPrefix,FactValueNumericHigh,Value,FactValueTranslationID,FactComments,Language,DateModified
RS_198,Estimated road traffic death rate (per 100 000 population),text,AMR,Americas,Country,ATG,Antigua and Barbuda,Year,2019,true,Sex,Both sexes,BTSX,,,,,,,,,,0,,,0,,0,0 [0 – 0],,,EN,2021-02-08T16:00:00.000Z
RS_198,Estimated road traffic death rate (per 100 000 population),text,WPR,Western Pacific,Country,FSM,Micronesia (Federated States of),Year,2019,true,Sex,Both sexes,BTSX,,,,,,,,,,0.16,,,0.072,,0.26,0.16 [0.072 – 0.26],,,EN,2021-02-08T16:00:00.000Z
RS_198,Estimated road traffic death rate (per 100 000 population),text,SEAR,South-East Asia,Country,MDV,Maldives,Year,2019,true,Sex,Both sexes,BTSX,,,,,,,,,,1.63,,,1.05,,2.39,1.63 [1.05 – 2.39],,,EN,2021-02-08T16:00:00.000Z
RS_198,Estimated road traffic death rate (per 100 000 population),text,WPR,Western Pacific,Country,KIR,Kiribati,Year,2019,true,Sex,Both sexes,BTSX,,,,,,,,,,1.92,,,1.1,,2.98,1.92 [1.1 – 2.98],,,EN,2021-02-08T16:00:00.000Z
RS_198,Estimated road traffic death rate (per 100 000 population),text,EMR,Eastern Mediterranean,Country,EGY,Egypt,Year,2019,true,Sex,Both sexes,BTSX,,,,,,,,,,10.1,,,5.51,,15.57,10.1 [5.51 – 15.57],,,EN,2021-02-08T16:00:00.000Z
RS_198,Estimated road traffic death rate (per 100 000 population),text,EUR,Europe,Country,UKR,Ukraine,Year,2019,true,Sex,Both sexes,BTSX,,,,,,,,,,10.2,,,7.39,,13.72,10.2 [7.39 – 13.72],,,EN,2021-02-08T16:00:00.000Z
RS_198,Estimated road traffic death rate (per 100 000 population),text,EUR,Europe,Country,ROU,Romania,Year,2019,true,Sex,Both sexes,BTSX,,,,,,,,,,10.29,,,7.65,,13.56,10.29 [7.65 – 13.56],,,EN,2021-02-08T16:00:00.000Z
RS_198,Estimated road traffic death rate (per 100 000 population),text,EMR,Eastern Mediterranean,Country,OMN,Oman,Year,2019,true,Sex,Both sexes,BTSX,,,,,,,,,,10.59,,,9.35,,11.87,10.59 [9.35 – 11.87],,,EN,2021-02-08T16:00:00.000Z
RS_198,Estimated road traffic death rate (per 100 000 population),text,AFR,Africa,Country,SYC,Seychelles,Year,2019,true,Sex,Both sexes,BTSX,,,,,,,,,,11.26,,,7.83,,15.3,11.26 [7.83 – 15.3],,,EN,2021-02-08T16:00:00.000Z
RS_198,Estimated road traffic death rate (per 100 000 population),text,SEAR,South-East Asia,Country,IDN,Indonesia,Year,2019,true,Sex,Both sexes,BTSX,,,,,,,,,,11.33,,,9.71,,12.92,11.33 [9.71 – 12.92],,,EN,2021-02-08T16:00:00.000Z
RS_198,Estimated road traffic death rate (per 100 000 population),text,EUR,Europe,Country,UZB,Uzbekistan,Year,2019,true,Sex,Both sexes,BTSX,,,,,,,,,,11.68,,,8.66,,15.26,11.68 [8.66 – 15.26],,,EN,2021-02-08T16:00:00.000Z
RS_198,Estimated road traffic death rate (per 100 000 population),text,EUR,Europe,Country,ALB,Albania,Year,2019,true,Sex,Both sexes,BTSX,,,,,,,,,,11.7,,,10.8,,12.56,11.7 [10.8 – 12.56],,,EN,2021-02-08T16:00:00.000Z
RS_198,Estimated road traffic death rate (per 100 000 population),text,SEAR,South-East Asia,Country,TLS,Timor-Leste,Year,2019,true,Sex,Both sexes,BTSX,,,,,,,,,,11.9,,,10.37,,13.46,11.9 [10.37 – 13.46],,,EN,2021-02-08T16:00:00.000Z
RS_198,Estimated road traffic death rate (per 100 000 population),text,EUR,Europe,Country,RUS,Russian Federation,Year,2019,true,Sex,Both sexes,BTSX,,,,,,,,,,12,,,9.71,,14.95,12 [9.71 – 14.95],,,EN,2021-02-08T16:00:00.000Z
RS_198,Estimated road traffic death rate (per 100 000 population),text,WPR,Western Pacific,Country,PHL,Philippines,Year,2019,true,Sex,Both sexes,BTSX,,,,,,,,,,12.04,,,8.57,,15.67,12.04 [8.57 – 15.67],,,EN,2021-02-08T16:00:00.000Z
RS_198,Estimated road traffic death rate (per 100 000 population),text,AFR,Africa,Country,MUS,Mauritius,Year,2019,true,Sex,Both sexes,BTSX,,,,,,,,,,12.23,,,8.91,,16.39,12.23 [8.91 – 16.39],,,EN,2021-02-08T16:00:00.000Z
RS_198,Estimated road traffic death rate (per 100 000 population),text,EUR,Europe,Country,GEO,Georgia,Year,2019,true,Sex,Both sexes,BTSX,,,,,,,,,,12.41,,,9.12,,16.37,12.41 [9.12 – 16.37],,,EN,2021-02-08T16:00:00.000Z
RS_198,Estimated road traffic death rate (per 100 000 population),text,WPR,Western Pacific,Country,PNG,Papua New Guinea,Year,2019,true,Sex,Both sexes,BTSX,,,,,,,,,,12.59,,,10.78,,14.31,12.59 [10.78 – 14.31],,,EN,2021-02-08T16:00:00.000Z
RS_198,Estimated road traffic death rate (per 100 000 population),text,EUR,Europe,Country,KGZ,Kyrgyzstan,Year,2019,true,Sex,Both sexes,BTSX,,,,,,,,,,12.66,,,9.88,,15.95,12.66 [9.88 – 15.95],,,EN,2021-02-08T16:00:00.000Z
RS_198,Estimated road traffic death rate (per 100 000 population),text,AMR,Americas,Country,USA,United States of America,Year,2019,true,Sex,Both sexes,BTSX,,,,,,,,,,12.67,,,11.59,,13.5,12.67 [11.59 – 13.5],,,EN,2021-02-08T16:00:00.000Z
RS_198,Estimated road traffic death rate (per 100 000 population),text,EUR,Europe,Country,KAZ,Kazakhstan,Year,2019,true,Sex,Both sexes,BTSX,,,,,,,,,,12.68,,,9.52,,16.22,12.68 [9.52 – 16.22],,,EN,2021-02-08T16:00:00.000Z
RS_198,Estimated road traffic death rate (per 100 000 population),text,AMR,Americas,Country,MEX,Mexico,Year,2019,true,Sex,Both sexes,BTSX,,,,,,,,,,12.78,,,10.19,,15.72,12.78 [10.19 – 15.72],,,EN,2021-02-08T16:00:00.000Z
RS_198,Estimated road traffic death rate (per 100 000 population),text,EMR,Eastern Mediterranean,Country,PAK,Pakistan,Year,2019,true,Sex,Both sexes,BTSX,,,,,,,,,,13.01,,,10.91,,15.02,13.01 [10.91 – 15.02],,,EN,2021-02-08T16:00:00.000Z
RS_198,Estimated road traffic death rate (per 100 000 population),text,WPR,Western Pacific,Country,WSM,Samoa,Year,2019,true,Sex,Both sexes,BTSX,,,,,,,,,,13.03,,,12.47,,20.55,13.03 [12.47 – 20.55],,,EN,2021-02-08T16:00:00.000Z
RS_198,Estimated road traffic death rate (per 100 000 population),text,EUR,Europe,Country,TKM,Turkmenistan,Year,2019,true,Sex,Both sexes,BTSX,,,,,,,,,,13.47,,,9.39,,19.32,13.47 [9.39 – 19.32],,,EN,2021-02-08T16:00:00.000Z
RS_198,Estimated road traffic death rate (per 100 000 population),text,EUR,Europe,Country,BIH,Bosnia and Herzegovina,Year,2019,true,Sex,Both sexes,BTSX,,,,,,,,,,13.51,,,12.41,,14.53,13.51 [12.41 – 14.53],,,EN,2021-02-08T16:00:00.000Z
RS_198,Estimated road traffic death rate (per 100 000 population),text,WPR,Western Pacific,Country,FJI,Fiji,Year,2019,true,Sex,Both sexes,BTSX,,,,,,,,,,13.51,,,8.32,,20.56,13.51 [8.32 – 20.56],,,EN,2021-02-08T16:00:00.000Z
RS_198,Estimated road traffic death rate (per 100 000 population),text,AMR,Americas,Country,PER,Peru,Year,2019,true,Sex,Both sexes,BTSX,,,,,,,,,,13.58,,,12.2,,14.89,13.58 [12.2 – 14.89],,,EN,2021-02-08T16:00:00.000Z
RS_198,Estimated road traffic death rate (per 100 000 population),text,AMR,Americas,Country,PAN,Panama,Year,2019,true,Sex,Both sexes,BTSX,,,,,,,,,,13.92,,,9.63,,19.38,13.92 [9.63 – 19.38],,,EN,2021-02-08T16:00:00.000Z
RS_198,Estimated road traffic death rate (per 100 000 population),text,AMR,Americas,Country,ARG,Argentina,Year,2019,true,Sex,Both sexes,BTSX,,,,,,,,,,14.06,,,11.36,,17.04,14.06 [11.36 – 17.04],,,EN,2021-02-08T16:00:00.000Z
RS_198,Estimated road traffic death rate (per 100 000 population),text,AMR,Americas,Country,CRI,Costa Rica,Year,2019,true,Sex,Both sexes,BTSX,,,,,,,,,,14.78,,,10.62,,19.93,14.78 [10.62 – 19.93],,,EN,2021-02-08T16:00:00.000Z
RS_198,Estimated road traffic death rate (per 100 000 population),text,AMR,Americas,Country,URY,Uruguay,Year,2019,true,Sex,Both sexes,BTSX,,,,,,,,,,14.78,,,11.38,,18.28,14.78 [11.38 – 18.28],,,EN,2021-02-08T16:00:00.000Z
RS_198,Estimated road traffic death rate (per 100 000 population),text,WPR,Western Pacific,Country,VUT,Vanuatu,Year,2019,true,Sex,Both sexes,BTSX,,,,,,,,,,14.86,,,13.37,,16.58,14.86 [13.37 – 16.58],,,EN,2021-02-08T16:00:00.000Z
RS_198,Estimated road traffic death rate (per 100 000 population),text,AMR,Americas,Country,CHL,Chile,Year,2019,true,Sex,Both sexes,BTSX,,,,,,,,,,14.91,,,12.05,,18.08,14.91 [12.05 – 18.08],,,EN,2021-02-08T16:00:00.000Z
RS_198,Estimated road traffic death rate (per 100 000 population),text,EMR,Eastern Mediterranean,Country,SYR,Syrian Arab Republic,Year,2019,true,Sex,Both sexes,BTSX,,,,,,,,,,14.94,,,12.07,,17.72,14.94 [12.07 – 17.72],,,EN,2021-02-08T16:00:00.000Z
RS_198,Estimated road traffic death rate (per 100 000 population),text,AMR,Americas,Country,JAM,Jamaica,Year,2019,true,Sex,Both sexes,BTSX,,,,,,,,,,15.06,,,10.28,,21.13,15.06 [10.28 – 21.13],,,EN,2021-02-08T16:00:00.000Z
RS_198,Estimated road traffic death rate (per 100 000 population),text,AMR,Americas,Country,SUR,Suriname,Year,2019,true,Sex,Both sexes,BTSX,,,,,,,,,,15.32,,,10.19,,21.88,15.32 [10.19 – 21.88],,,EN,2021-02-08T16:00:00.000Z
RS_198,Estimated road traffic death rate (per 100 000 population),text,SEAR,South-East Asia,Country,BGD,Bangladesh,Year,2019,true,Sex,Both sexes,BTSX,,,,,,,,,,15.35,,,12.76,,17.9,15.35 [12.76 – 17.9],,,EN,2021-02-08T16:00:00.000Z
RS_198,Estimated road traffic death rate (per 100 000 population),text,AMR,Americas,Country,COL,Colombia,Year,2019,true,Sex,Both sexes,BTSX,,,,,,,,,,15.42,,,10.55,,21.32,15.42 [10.55 – 21.32],,,EN,2021-02-08T16:00:00.000Z
RS_198,Estimated road traffic death rate (per 100 000 population),text,EMR,Eastern Mediterranean,Country,KWT,Kuwait,Year,2019,true,Sex,Both sexes,BTSX,,,,,,,,,,15.43,,,11.2,,20.4,15.43 [11.2 – 20.4],,,EN,2021-02-08T16:00:00.000Z
RS_198,Estimated road traffic death rate (per 100 000 population),text,SEAR,South-East Asia,Country,IND,India,Year,2019,true,Sex,Both sexes,BTSX,,,,,,,,,,15.56,,,10.69,,19.53,15.56 [10.69 – 19.53],,,EN,2021-02-08T16:00:00.000Z
RS_198,Estimated road traffic death rate (per 100 000 population),text,EUR,Europe,Country,TJK,Tajikistan,Year,2019,true,Sex,Both sexes,BTSX,,,,,,,,,,15.67,,,14.51,,16.81,15.67 [14.51 – 16.81],,,EN,2021-02-08T16:00:00.000Z
RS_198,Estimated road traffic death rate (per 100 000 population),text,EMR,Eastern Mediterranean,Country,AFG,Afghanistan,Year,2019,true,Sex,Both sexes,BTSX,,,,,,,,,,15.86,,,13.74,,18,15.86 [13.74 – 18],,,EN,2021-02-08T16:00:00.000Z
RS_198,Estimated road traffic death rate (per 100 000 population),text,AMR,Americas,Country,BRA,Brazil,Year,2019,true,Sex,Both sexes,BTSX,,,,,,,,,,16.05,,,14.66,,17.35,16.05 [14.66 – 17.35],,,EN,2021-02-08T16:00:00.000Z
RS_198,Estimated road traffic death rate (per 100 000 population),text,AMR,Americas,Country,HND,Honduras,Year,2019,true,Sex,Both sexes,BTSX,,,,,,,,,,16.13,,,14.6,,17.62,16.13 [14.6 – 17.62],,,EN,2021-02-08T16:00:00.000Z
RS_198,Estimated road traffic death rate (per 100 000 population),text,SEAR,South-East Asia,Country,BTN,Bhutan,Year,2019,true,Sex,Both sexes,BTSX,,,,,,,,,,16.18,,,14,,18.38,16.18 [14 – 18.38],,,EN,2021-02-08T16:00:00.000Z
RS_198,Estimated road traffic death rate (per 100 000 population),text,SEAR,South-East Asia,Country,NPL,Nepal,Year,2019,true,Sex,Both sexes,BTSX,,,,,,,,,,16.27,,,13.76,,18.76,16.27 [13.76 – 18.76],,,EN,2021-02-08T16:00:00.000Z
RS_198,Estimated road traffic death rate (per 100 000 population),text,EMR,Eastern Mediterranean,Country,LBN,Lebanon,Year,2019,true,Sex,Both sexes,BTSX,,,,,,,,,,16.44,,,11.16,,24.22,16.44 [11.16 – 24.22],,,EN,2021-02-08T16:00:00.000Z
RS_198,Estimated road traffic death rate (per 100 000 population),text,EMR,Eastern Mediterranean,Country,TUN,Tunisia,Year,2019,true,Sex,Both sexes,BTSX,,,,,,,,,,16.49,,,14.81,,18.22,16.49 [14.81 – 18.22],,,EN,2021-02-08T16:00:00.000Z
RS_198,Estimated road traffic death rate (per 100 000 population),text,WPR,Western Pacific,Country,SLB,Solomon Islands,Year,2019,true,Sex,Both sexes,BTSX,,,,,,,,,,16.52,,,15.05,,18.14,16.52 [15.05 – 18.14],,,EN,2021-02-08T16:00:00.000Z
RS_198,Estimated road traffic death rate (per 100 000 population),text,AMR,Americas,Country,NIC,Nicaragua,Year,2019,true,Sex,Both sexes,BTSX,,,,,,,,,,16.94,,,15.05,,18.83,16.94 [15.05 – 18.83],,,EN,2021-02-08T16:00:00.000Z
RS_198,Estimated road traffic death rate (per 100 000 population),text,EMR,Eastern Mediterranean,Country,MAR,Morocco,Year,2019,true,Sex,Both sexes,BTSX,,,,,,,,,,16.96,,,15.02,,18.92,16.96 [15.02 – 18.92],,,EN,2021-02-08T16:00:00.000Z
RS_198,Estimated road traffic death rate (per 100 000 population),text,EMR,Eastern Mediterranean,Country,JOR,Jordan,Year,2019,true,Sex,Both sexes,BTSX,,,,,,,,,,17,,,14.26,,19.87,17 [14.26 – 19.87],,,EN,2021-02-08T16:00:00.000Z
RS_198,Estimated road traffic death rate (per 100 000 population),text,WPR,Western Pacific,Country,CHN,China,Year,2019,true,Sex,Both sexes,BTSX,,,,,,,,,,17.36,,,13.21,,21.6,17.36 [13.21 – 21.6],,,EN,2021-02-08T16:00:00.000Z
RS_198,Estimated road traffic death rate (per 100 000 population),text,WPR,Western Pacific,Country,LAO,Lao People's Democratic Republic,Year,2019,true,Sex,Both sexes,BTSX,,,,,,,,,,17.87,,,15.14,,20.66,17.87 [15.14 – 20.66],,,EN,2021-02-08T16:00:00.000Z
RS_198,Estimated road traffic death rate (per 100 000 population),text,AMR,Americas,Country,HTI,Haiti,Year,2019,true,Sex,Both sexes,BTSX,,,,,,,,,,18.77,,,15.17,,22.36,18.77 [15.17 – 22.36],,,EN,2021-02-08T16:00:00.000Z
RS_198,Estimated road traffic death rate (per 100 000 population),text,WPR,Western Pacific,Country,KHM,Cambodia,Year,2019,true,Sex,Both sexes,BTSX,,,,,,,,,,19.55,,,16.74,,22.31,19.55 [16.74 – 22.31],,,EN,2021-02-08T16:00:00.000Z
RS_198,Estimated road traffic death rate (per 100 000 population),text,SEAR,South-East Asia,Country,LKA,Sri Lanka,Year,2019,true,Sex,Both sexes,BTSX,,,,,,,,,,19.69,,,17.76,,21.69,19.69 [17.76 – 21.69],,,EN,2021-02-08T16:00:00.000Z
RS_198,Estimated road traffic death rate (per 100 000 population),text,EUR,Europe,Country,ARM,Armenia,Year,2019,true,Sex,Both sexes,BTSX,,,,,,,,,,19.95,,,18.97,,20.99,19.95 [18.97 – 20.99],,,EN,2021-02-08T16:00:00.000Z
RS_198,Estimated road traffic death rate (per 100 000 population),text,EUR,Europe,Country,ISL,Iceland,Year,2019,true,Sex,Both sexes,BTSX,,,,,,,,,,2.05,,,1.43,,2.77,2.05 [1.43 – 2.77],,,EN,2021-02-08T16:00:00.000Z
RS_198,Estimated road traffic death rate (per 100 000 population),text,WPR,Western Pacific,Country,SGP,Singapore,Year,2019,true,Sex,Both sexes,BTSX,,,,,,,,,,2.09,,,1.58,,2.7,2.09 [1.58 – 2.7],,,EN,2021-02-08T16:00:00.000Z
RS_198,Estimated road traffic death rate (per 100 000 population),text,EUR,Europe,Country,NOR,Norway,Year,2019,true,Sex,Both sexes,BTSX,,,,,,,,,,2.12,,,1.91,,2.4,2.12 [1.91 – 2.4],,,EN,2021-02-08T16:00:00.000Z
RS_198,Estimated road traffic death rate (per 100 000 population),text,EUR,Europe,Country,CHE,Switzerland,Year,2019,true,Sex,Both sexes,BTSX,,,,,,,,,,2.25,,,1.69,,2.89,2.25 [1.69 – 2.89],,,EN,2021-02-08T16:00:00.000Z
RS_198,Estimated road traffic death rate (per 100 000 population),text,AMR,Americas,Country,ECU,Ecuador,Year,2019,true,Sex,Both sexes,BTSX,,,,,,,,,,20.09,,,14.01,,27.21,20.09 [14.01 – 27.21],,,EN,2021-02-08T16:00:00.000Z
RS_198,Estimated road traffic death rate (per 100 000 population),text,SEAR,South-East Asia,Country,MMR,Myanmar,Year,2019,true,Sex,Both sexes,BTSX,,,,,,,,,,20.36,,,17.07,,23.64,20.36 [17.07 – 23.64],,,EN,2021-02-08T16:00:00.000Z
RS_198,Estimated road traffic death rate (per 100 000 population),text,AFR,Africa,Country,ZMB,Zambia,Year,2019,true,Sex,Both sexes,BTSX,,,,,,,,,,20.46,,,17.01,,23.89,20.46 [17.01 – 23.89],,,EN,2021-02-08T16:00:00.000Z
RS_198,Estimated road traffic death rate (per 100 000 population),text,AFR,Africa,Country,NGA,Nigeria,Year,2019,true,Sex,Both sexes,BTSX,,,,,,,,,,20.75,,,16.68,,24.76,20.75 [16.68 – 24.76],,,EN,2021-02-08T16:00:00.000Z
RS_198,Estimated road traffic death rate (per 100 000 population),text,AMR,Americas,Country,SLV,El Salvador,Year,2019,true,Sex,Both sexes,BTSX,,,,,,,,,,20.87,,,12.96,,31.71,20.87 [12.96 – 31.71],,,EN,2021-02-08T16:00:00.000Z
RS_198,Estimated road traffic death rate (per 100 000 population),text,AFR,Africa,Country,DZA,Algeria,Year,2019,true,Sex,Both sexes,BTSX,,,,,,,,,,20.9,,,18.58,,23.2,20.9 [18.58 – 23.2],,,EN,2021-02-08T16:00:00.000Z
RS_198,Estimated road traffic death rate (per 100 000 population),text,WPR,Western Pacific,Country,MNG,Mongolia,Year,2019,true,Sex,Both sexes,BTSX,,,,,,,,,,21.04,,,19.87,,22.16,21.04 [19.87 – 22.16],,,EN,2021-02-08T16:00:00.000Z
RS_198,Estimated road traffic death rate (per 100 000 population),text,AMR,Americas,Country,BOL,Bolivia (Plurinational State of),Year,2019,true,Sex,Both sexes,BTSX,,,,,,,,,,21.11,,,19.12,,23.09,21.11 [19.12 – 23.09],,,EN,2021-02-08T16:00:00.000Z
RS_198,Estimated road traffic death rate (per 100 000 population),text,EMR,Eastern Mediterranean,Country,LBY,Libya,Year,2019,true,Sex,Both sexes,BTSX,,,,,,,,,,21.3,,,9.86,,46,21.3 [9.86 – 46],,,EN,2021-02-08T16:00:00.000Z
RS_198,Estimated road traffic death rate (per 100 000 population),text,EMR,Eastern Mediterranean,Country,IRN,Iran (Islamic Republic of),Year,2019,true,Sex,Both sexes,BTSX,,,,,,,,,,21.47,,,17.83,,25.69,21.47 [17.83 – 25.69],,,EN,2021-02-08T16:00:00.000Z
RS_198,Estimated road traffic death rate (per 100 000 population),text,AMR,Americas,Country,PRY,Paraguay,Year,2019,true,Sex,Both sexes,BTSX,,,,,,,,,,22.03,,,13.83,,31.31,22.03 [13.83 – 31.31],,,EN,2021-02-08T16:00:00.000Z
RS_198,Estimated road traffic death rate (per 100 000 population),text,AFR,Africa,Country,ZAF,South Africa,Year,2019,true,Sex,Both sexes,BTSX,,,,,,,,,,22.22,,,15.25,,28.81,22.22 [15.25 – 28.81],,,EN,2021-02-08T16:00:00.000Z
RS_198,Estimated road traffic death rate (per 100 000 population),text,AMR,Americas,Country,GUY,Guyana,Year,2019,true,Sex,Both sexes,BTSX,,,,,,,,,,22.34,,,14.54,,31.91,22.34 [14.54 – 31.91],,,EN,2021-02-08T16:00:00.000Z
RS_198,Estimated road traffic death rate (per 100 000 population),text,WPR,Western Pacific,Country,MYS,Malaysia,Year,2019,true,Sex,Both sexes,BTSX,,,,,,,,,,22.48,,,19.87,,25.09,22.48 [19.87 – 25.09],,,EN,2021-02-08T16:00:00.000Z
RS_198,Estimated road traffic death rate (per 100 000 population),text,AMR,Americas,Country,BLZ,Belize,Year,2019,true,Sex,Both sexes,BTSX,,,,,,,,,,22.56,,,16.64,,29.3,22.56 [16.64 – 29.3],,,EN,2021-02-08T16:00:00.000Z
RS_198,Estimated road traffic death rate (per 100 000 population),text,AFR,Africa,Country,MLI,Mali,Year,2019,true,Sex,Both sexes,BTSX,,,,,,,,,,22.71,,,18.72,,26.9,22.71 [18.72 – 26.9],,,EN,2021-02-08T16:00:00.000Z
RS_198,Estimated road traffic death rate (per 100 000 population),text,AMR,Americas,Country,GTM,Guatemala,Year,2019,true,Sex,Both sexes,BTSX,,,,,,,,,,22.9,,,16.15,,31.38,22.9 [16.15 – 31.38],,,EN,2021-02-08T16:00:00.000Z
RS_198,Estimated road traffic death rate (per 100 000 population),text,EMR,Eastern Mediterranean,Country,DJI,Djibouti,Year,2019,true,Sex,Both sexes,BTSX,,,,,,,,,,23.5,,,20.31,,26.66,23.5 [20.31 – 26.66],,,EN,2021-02-08T16:00:00.000Z
RS_198,Estimated road traffic death rate (per 100 000 population),text,AFR,Africa,Country,SEN,Senegal,Year,2019,true,Sex,Both sexes,BTSX,,,,,,,,,,23.51,,,20.04,,27.18,23.51 [20.04 – 27.18],,,EN,2021-02-08T16:00:00.000Z
RS_198,Estimated road traffic death rate (per 100 000 population),text,AFR,Africa,Country,GAB,Gabon,Year,2019,true,Sex,Both sexes,BTSX,,,,,,,,,,23.86,,,19.55,,28.14,23.86 [19.55 – 28.14],,,EN,2021-02-08T16:00:00.000Z
RS_198,Estimated road traffic death rate (per 100 000 population),text,AFR,Africa,Country,CIV,Côte d’Ivoire,Year,2019,true,Sex,Both sexes,BTSX,,,,,,,,,,24.12,,,20.03,,28.25,24.12 [20.03 – 28.25],,,EN,2021-02-08T16:00:00.000Z
RS_198,Estimated road traffic death rate (per 100 000 population),text,SEAR,South-East Asia,Country,PRK,Democratic People's Republic of Korea,Year,2019,true,Sex,Both sexes,BTSX,,,,,,,,,,24.19,,,20.85,,27.55,24.19 [20.85 – 27.55],,,EN,2021-02-08T16:00:00.000Z
RS_198,Estimated road traffic death rate (per 100 000 population),text,AFR,Africa,Country,NER,Niger,Year,2019,true,Sex,Both sexes,BTSX,,,,,,,,,,25.51,,,20.16,,30.91,25.51 [20.16 – 30.91],,,EN,2021-02-08T16:00:00.000Z
RS_198,Estimated road traffic death rate (per 100 000 population),text,AFR,Africa,Country,MRT,Mauritania,Year,2019,true,Sex,Both sexes,BTSX,,,,,,,,,,25.6,,,21.49,,29.64,25.6 [21.49 – 29.64],,,EN,2021-02-08T16:00:00.000Z
RS_198,Estimated road traffic death rate (per 100 000 population),text,AFR,Africa,Country,GHA,Ghana,Year,2019,true,Sex,Both sexes,BTSX,,,,,,,,,,25.67,,,22.18,,29.3,25.67 [22.18 – 29.3],,,EN,2021-02-08T16:00:00.000Z
RS_198,Estimated road traffic death rate (per 100 000 population),text,AFR,Africa,Country,AGO,Angola,Year,2019,true,Sex,Both sexes,BTSX,,,,,,,,,,26.13,,,19.85,,32.4,26.13 [19.85 – 32.4],,,EN,2021-02-08T16:00:00.000Z
RS_198,Estimated road traffic death rate (per 100 000 population),text,AFR,Africa,Country,BWA,Botswana,Year,2019,true,Sex,Both sexes,BTSX,,,,,,,,,,26.41,,,23.04,,29.82,26.41 [23.04 – 29.82],,,EN,2021-02-08T16:00:00.000Z
RS_198,Estimated road traffic death rate (per 100 000 population),text,AFR,Africa,Country,COM,Comoros,Year,2019,true,Sex,Both sexes,BTSX,,,,,,,,,,26.57,,,22.38,,30.82,26.57 [22.38 – 30.82],,,EN,2021-02-08T16:00:00.000Z
RS_198,Estimated road traffic death rate (per 100 000 population),text,EMR,Eastern Mediterranean,Country,SDN,Sudan,Year,2019,true,Sex,Both sexes,BTSX,,,,,,,,,,26.76,,,22.91,,30.69,26.76 [22.91 – 30.69],,,EN,2021-02-08T16:00:00.000Z
RS_198,Estimated road traffic death rate (per 100 000 population),text,AFR,Africa,Country,CPV,Cabo Verde,Year,2019,true,Sex,Both sexes,BTSX,,,,,,,,,,26.78,,,23.33,,30.09,26.78 [23.33 – 30.09],,,EN,2021-02-08T16:00:00.000Z
RS_198,Estimated road traffic death rate (per 100 000 population),text,AFR,Africa,Country,BEN,Benin,Year,2019,true,Sex,Both sexes,BTSX,,,,,,,,,,26.8,,,22.15,,31.46,26.8 [22.15 – 31.46],,,EN,2021-02-08T16:00:00.000Z
RS_198,Estimated road traffic death rate (per 100 000 population),text,AFR,Africa,Country,GNQ,Equatorial Guinea,Year,2019,true,Sex,Both sexes,BTSX,,,,,,,,,,27.17,,,20.2,,34.11,27.17 [20.2 – 34.11],,,EN,2021-02-08T16:00:00.000Z
RS_198,Estimated road traffic death rate (per 100 000 population),text,EMR,Eastern Mediterranean,Country,IRQ,Iraq,Year,2019,true,Sex,Both sexes,BTSX,,,,,,,,,,27.29,,,23.34,,31.32,27.29 [23.34 – 31.32],,,EN,2021-02-08T16:00:00.000Z
RS_198,Estimated road traffic death rate (per 100 000 population),text,EMR,Eastern Mediterranean,Country,SOM,Somalia,Year,2019,true,Sex,Both sexes,BTSX,,,,,,,,,,27.4,,,21.26,,33.54,27.4 [21.26 – 33.54],,,EN,2021-02-08T16:00:00.000Z
RS_198,Estimated road traffic death rate (per 100 000 population),text,AFR,Africa,Country,STP,Sao Tome and Principe,Year,2019,true,Sex,Both sexes,BTSX,,,,,,,,,,27.9,,,22.1,,35.51,27.9 [22.1 – 35.51],,,EN,2021-02-08T16:00:00.000Z
RS_198,Estimated road traffic death rate (per 100 000 population),text,AFR,Africa,Country,ETH,Ethiopia,Year,2019,true,Sex,Both sexes,BTSX,,,,,,,,,,28.16,,,22.12,,34.14,28.16 [22.12 – 34.14],,,EN,2021-02-08T16:00:00.000Z
RS_198,Estimated road traffic death rate (per 100 000 population),text,AFR,Africa,Country,KEN,Kenya,Year,2019,true,Sex,Both sexes,BTSX,,,,,,,,,,28.31,,,24.29,,32.59,28.31 [24.29 – 32.59],,,EN,2021-02-08T16:00:00.000Z
RS_198,Estimated road traffic death rate (per 100 000 population),text,AFR,Africa,Country,TGO,Togo,Year,2019,true,Sex,Both sexes,BTSX,,,,,,,,,,28.65,,,23.33,,34.04,28.65 [23.33 – 34.04],,,EN,2021-02-08T16:00:00.000Z
RS_198,Estimated road traffic death rate (per 100 000 population),text,AFR,Africa,Country,MDG,Madagascar,Year,2019,true,Sex,Both sexes,BTSX,,,,,,,,,,29.22,,,24.29,,34.27,29.22 [24.29 – 34.27],,,EN,2021-02-08T16:00:00.000Z
RS_198,Estimated road traffic death rate (per 100 000 population),text,EMR,Eastern Mediterranean,Country,YEM,Yemen,Year,2019,true,Sex,Both sexes,BTSX,,,,,,,,,,29.36,,,24.26,,34.45,29.36 [24.26 – 34.45],,,EN,2021-02-08T16:00:00.000Z
RS_198,Estimated road traffic death rate (per 100 000 population),text,AFR,Africa,Country,UGA,Uganda,Year,2019,true,Sex,Both sexes,BTSX,,,,,,,,,,29.39,,,23.17,,35.78,29.39 [23.17 – 35.78],,,EN,2021-02-08T16:00:00.000Z
RS_198,Estimated road traffic death rate (per 100 000 population),text,AFR,Africa,Country,RWA,Rwanda,Year,2019,true,Sex,Both sexes,BTSX,,,,,,,,,,29.45,,,22.4,,36.55,29.45 [22.4 – 36.55],,,EN,2021-02-08T16:00:00.000Z
RS_198,Estimated road traffic death rate (per 100 000 population),text,AFR,Africa,Country,GMB,Gambia,Year,2019,true,Sex,Both sexes,BTSX,,,,,,,,,,29.62,,,23.95,,35.41,29.62 [23.95 – 35.41],,,EN,2021-02-08T16:00:00.000Z
RS_198,Estimated road traffic death rate (per 100 000 population),text,AFR,Africa,Country,GIN,Guinea,Year,2019,true,Sex,Both sexes,BTSX,,,,,,,,,,29.66,,,24.81,,34.62,29.66 [24.81 – 34.62],,,EN,2021-02-08T16:00:00.000Z
RS_198,Estimated road traffic death rate (per 100 000 population),text,AFR,Africa,Country,COG,Congo,Year,2019,true,Sex,Both sexes,BTSX,,,,,,,,,,29.7,,,23.48,,36.08,29.7 [23.48 – 36.08],,,EN,2021-02-08T16:00:00.000Z
RS_198,Estimated road traffic death rate (per 100 000 population),text,AMR,Americas,Country,LCA,Saint Lucia,Year,2019,true,Sex,Both sexes,BTSX,,,,,,,,,,29.84,,,21.43,,40.32,29.84 [21.43 – 40.32],,,EN,2021-02-08T16:00:00.000Z
RS_198,Estimated road traffic death rate (per 100 000 population),text,EUR,Europe,Country,IRL,Ireland,Year,2019,true,Sex,Both sexes,BTSX,,,,,,,,,,3.13,,,2.33,,4.05,3.13 [2.33 – 4.05],,,EN,2021-02-08T16:00:00.000Z
RS_198,Estimated road traffic death rate (per 100 000 population),text,EUR,Europe,Country,SWE,Sweden,Year,2019,true,Sex,Both sexes,BTSX,,,,,,,,,,3.14,,,2.52,,3.87,3.14 [2.52 – 3.87],,,EN,2021-02-08T16:00:00.000Z
RS_198,Estimated road traffic death rate (per 100 000 population),text,EUR,Europe,Country,GBR,United Kingdom of Great Britain and Northern Ireland,Year,2019,true,Sex,Both sexes,BTSX,,,,,,,,,,3.21,,,3,,3.42,3.21 [3 – 3.42],,,EN,2021-02-08T16:00:00.000Z
RS_198,Estimated road traffic death rate (per 100 000 population),text,WPR,Western Pacific,Country,JPN,Japan,Year,2019,true,Sex,Both sexes,BTSX,,,,,,,,,,3.6,,,3.17,,3.95,3.6 [3.17 – 3.95],,,EN,2021-02-08T16:00:00.000Z
RS_198,Estimated road traffic death rate (per 100 000 population),text,EUR,Europe,Country,DNK,Denmark,Year,2019,true,Sex,Both sexes,BTSX,,,,,,,,,,3.7,,,2.86,,4.68,3.7 [2.86 – 4.68],,,EN,2021-02-08T16:00:00.000Z
RS_198,Estimated road traffic death rate (per 100 000 population),text,EUR,Europe,Country,DEU,Germany,Year,2019,true,Sex,Both sexes,BTSX,,,,,,,,,,3.78,,,3.02,,4.65,3.78 [3.02 – 4.65],,,EN,2021-02-08T16:00:00.000Z
RS_198,Estimated road traffic death rate (per 100 000 population),text,EUR,Europe,Country,FIN,Finland,Year,2019,true,Sex,Both sexes,BTSX,,,,,,,,,,3.89,,,2.96,,4.99,3.89 [2.96 – 4.99],,,EN,2021-02-08T16:00:00.000Z
RS_198,Estimated road traffic death rate (per 100 000 population),text,EUR,Europe,Country,ISR,Israel,Year,2019,true,Sex,Both sexes,BTSX,,,,,,,,,,3.91,,,3.06,,4.88,3.91 [3.06 – 4.88],,,EN,2021-02-08T16:00:00.000Z
RS_198,Estimated road traffic death rate (per 100 000 population),text,EUR,Europe,Country,ESP,Spain,Year,2019,true,Sex,Both sexes,BTSX,,,,,,,,,,3.91,,,3.09,,4.81,3.91 [3.09 – 4.81],,,EN,2021-02-08T16:00:00.000Z
RS_198,Estimated road traffic death rate (per 100 000 population),text,EUR,Europe,Country,NLD,Netherlands,Year,2019,true,Sex,Both sexes,BTSX,,,,,,,,,,3.98,,,3.13,,4.97,3.98 [3.13 – 4.97],,,EN,2021-02-08T16:00:00.000Z
RS_198,Estimated road traffic death rate (per 100 000 population),text,AFR,Africa,Country,MOZ,Mozambique,Year,2019,true,Sex,Both sexes,BTSX,,,,,,,,,,30.02,,,24.79,,35.73,30.02 [24.79 – 35.73],,,EN,2021-02-08T16:00:00.000Z
RS_198,Estimated road traffic death rate (per 100 000 population),text,AFR,Africa,Country,CMR,Cameroon,Year,2019,true,Sex,Both sexes,BTSX,,,,,,,,,,30.18,,,24.03,,36.55,30.18 [24.03 – 36.55],,,EN,2021-02-08T16:00:00.000Z
RS_198,Estimated road traffic death rate (per 100 000 population),text,WPR,Western Pacific,Country,VNM,Viet Nam,Year,2019,true,Sex,Both sexes,BTSX,,,,,,,,,,30.56,,,27.21,,33.86,30.56 [27.21 – 33.86],,,EN,2021-02-08T16:00:00.000Z
RS_198,Estimated road traffic death rate (per 100 000 population),text,AFR,Africa,Country,BFA,Burkina Faso,Year,2019,true,Sex,Both sexes,BTSX,,,,,,,,,,31.02,,,24.34,,37.8,31.02 [24.34 – 37.8],,,EN,2021-02-08T16:00:00.000Z
RS_198,Estimated road traffic death rate (per 100 000 population),text,AFR,Africa,Country,TZA,United Republic of Tanzania,Year,2019,true,Sex,Both sexes,BTSX,,,,,,,,,,31.12,,,25.04,,37.46,31.12 [25.04 – 37.46],,,EN,2021-02-08T16:00:00.000Z
RS_198,Estimated road traffic death rate (per 100 000 population),text,AFR,Africa,Country,LSO,Lesotho,Year,2019,true,Sex,Both sexes,BTSX,,,,,,,,,,31.92,,,27.32,,36.78,31.92 [27.32 – 36.78],,,EN,2021-02-08T16:00:00.000Z
RS_198,Estimated road traffic death rate (per 100 000 population),text,SEAR,South-East Asia,Country,THA,Thailand,Year,2019,true,Sex,Both sexes,BTSX,,,,,,,,,,32.21,,,29.12,,35.18,32.21 [29.12 – 35.18],,,EN,2021-02-08T16:00:00.000Z
RS_198,Estimated road traffic death rate (per 100 000 population),text,AFR,Africa,Country,GNB,Guinea-Bissau,Year,2019,true,Sex,Both sexes,BTSX,,,,,,,,,,32.23,,,26.92,,37.6,32.23 [26.92 – 37.6],,,EN,2021-02-08T16:00:00.000Z
RS_198,Estimated road traffic death rate (per 100 000 population),text,AFR,Africa,Country,TCD,Chad,Year,2019,true,Sex,Both sexes,BTSX,,,,,,,,,,32.43,,,24.65,,40.29,32.43 [24.65 – 40.29],,,EN,2021-02-08T16:00:00.000Z
RS_198,Estimated road traffic death rate (per 100 000 population),text,WPR,Western Pacific,Country,TON,Tonga,Year,2019,true,Sex,Both sexes,BTSX,,,,,,,,,,32.95,,,19.68,,51.03,32.95 [19.68 – 51.03],,,EN,2021-02-08T16:00:00.000Z
RS_198,Estimated road traffic death rate (per 100 000 population),text,AFR,Africa,Country,SLE,Sierra Leone,Year,2019,true,Sex,Both sexes,BTSX,,,,,,,,,,33.04,,,26.53,,39.56,33.04 [26.53 – 39.56],,,EN,2021-02-08T16:00:00.000Z
RS_198,Estimated road traffic death rate (per 100 000 population),text,AFR,Africa,Country,MWI,Malawi,Year,2019,true,Sex,Both sexes,BTSX,,,,,,,,,,33.4,,,27.49,,39.34,33.4 [27.49 – 39.34],,,EN,2021-02-08T16:00:00.000Z
RS_198,Estimated road traffic death rate (per 100 000 population),text,AFR,Africa,Country,SWZ,Eswatini,Year,2019,true,Sex,Both sexes,BTSX,,,,,,,,,,33.47,,,27.53,,39.56,33.47 [27.53 – 39.56],,,EN,2021-02-08T16:00:00.000Z
RS_198,Estimated road traffic death rate (per 100 000 population),text,AFR,Africa,Country,NAM,Namibia,Year,2019,true,Sex,Both sexes,BTSX,,,,,,,,,,34.81,,,28.94,,40.64,34.81 [28.94 – 40.64],,,EN,2021-02-08T16:00:00.000Z
RS_198,Estimated road traffic death rate (per 100 000 population),text,AFR,Africa,Country,COD,Democratic Republic of the Congo,Year,2019,true,Sex,Both sexes,BTSX,,,,,,,,,,34.86,,,27.82,,42.13,34.86 [27.82 – 42.13],,,EN,2021-02-08T16:00:00.000Z
RS_198,Estimated road traffic death rate (per 100 000 population),text,AFR,Africa,Country,BDI,Burundi,Year,2019,true,Sex,Both sexes,BTSX,,,,,,,,,,35.46,,,28.43,,42.76,35.46 [28.43 – 42.76],,,EN,2021-02-08T16:00:00.000Z
RS_198,Estimated road traffic death rate (per 100 000 population),text,EMR,Eastern Mediterranean,Country,SAU,Saudi Arabia,Year,2019,true,Sex,Both sexes,BTSX,,,,,,,,,,35.94,,,31.93,,39.94,35.94 [31.93 – 39.94],,,EN,2021-02-08T16:00:00.000Z
RS_198,Estimated road traffic death rate (per 100 000 population),text,AFR,Africa,Country,SSD,South Sudan,Year,2019,true,Sex,Both sexes,BTSX,,,,,,,,,,36.73,,,29.58,,43.88,36.73 [29.58 – 43.88],,,EN,2021-02-08T16:00:00.000Z
RS_198,Estimated road traffic death rate (per 100 000 population),text,AFR,Africa,Country,CAF,Central African Republic,Year,2019,true,Sex,Both sexes,BTSX,,,,,,,,,,37.72,,,29.82,,45.95,37.72 [29.82 – 45.95],,,EN,2021-02-08T16:00:00.000Z
RS_198,Estimated road traffic death rate (per 100 000 population),text,AFR,Africa,Country,ERI,Eritrea,Year,2019,true,Sex,Both sexes,BTSX,,,,,,,,,,37.92,,,31.06,,44.99,37.92 [31.06 – 44.99],,,EN,2021-02-08T16:00:00.000Z
RS_198,Estimated road traffic death rate (per 100 000 population),text,AFR,Africa,Country,LBR,Liberia,Year,2019,true,Sex,Both sexes,BTSX,,,,,,,,,,38.9,,,30.52,,47.67,38.9 [30.52 – 47.67],,,EN,2021-02-08T16:00:00.000Z
RS_198,Estimated road traffic death rate (per 100 000 population),text,AMR,Americas,Country,VEN,Venezuela (Bolivarian Republic of),Year,2019,true,Sex,Both sexes,BTSX,,,,,,,,,,39.02,,,25.9,,54.93,39.02 [25.9 – 54.93],,,EN,2021-02-08T16:00:00.000Z
RS_198,Estimated road traffic death rate (per 100 000 population),text,EUR,Europe,Country,LUX,Luxembourg,Year,2019,true,Sex,Both sexes,BTSX,,,,,,,,,,4.07,,,3.04,,5.4,4.07 [3.04 – 5.4],,,EN,2021-02-08T16:00:00.000Z
RS_198,Estimated road traffic death rate (per 100 000 population),text,EUR,Europe,Country,MLT,Malta,Year,2019,true,Sex,Both sexes,BTSX,,,,,,,,,,4.11,,,2.87,,5.55,4.11 [2.87 – 5.55],,,EN,2021-02-08T16:00:00.000Z
RS_198,Estimated road traffic death rate (per 100 000 population),text,EUR,Europe,Country,EST,Estonia,Year,2019,true,Sex,Both sexes,BTSX,,,,,,,,,,4.46,,,3.06,,6.32,4.46 [3.06 – 6.32],,,EN,2021-02-08T16:00:00.000Z
RS_198,Estimated road traffic death rate (per 100 000 population),text,EUR,Europe,Country,AUT,Austria,Year,2019,true,Sex,Both sexes,BTSX,,,,,,,,,,4.87,,,3.83,,6.06,4.87 [3.83 – 6.06],,,EN,2021-02-08T16:00:00.000Z
RS_198,Estimated road traffic death rate (per 100 000 population),text,WPR,Western Pacific,Country,AUS,Australia,Year,2019,true,Sex,Both sexes,BTSX,,,,,,,,,,4.94,,,3.9,,6.09,4.94 [3.9 – 6.09],,,EN,2021-02-08T16:00:00.000Z
RS_198,Estimated road traffic death rate (per 100 000 population),text,AFR,Africa,Country,ZWE,Zimbabwe,Year,2019,true,Sex,Both sexes,BTSX,,,,,,,,,,41.22,,,33.45,,49.08,41.22 [33.45 – 49.08],,,EN,2021-02-08T16:00:00.000Z
RS_198,Estimated road traffic death rate (per 100 000 population),text,EUR,Europe,Country,SVN,Slovenia,Year,2019,true,Sex,Both sexes,BTSX,,,,,,,,,,5.05,,,3.45,,7.19,5.05 [3.45 – 7.19],,,EN,2021-02-08T16:00:00.000Z
RS_198,Estimated road traffic death rate (per 100 000 population),text,EUR,Europe,Country,FRA,France,Year,2019,true,Sex,Both sexes,BTSX,,,,,,,,,,5.13,,,4,,6.38,5.13 [4 – 6.38],,,EN,2021-02-08T16:00:00.000Z
RS_198,Estimated road traffic death rate (per 100 000 population),text,EUR,Europe,Country,MKD,The former Yugoslav Republic of Macedonia,Year,2019,true,Sex,Both sexes,BTSX,,,,,,,,,,5.15,,,3.43,,7.33,5.15 [3.43 – 7.33],,,EN,2021-02-08T16:00:00.000Z
RS_198,Estimated road traffic death rate (per 100 000 population),text,EMR,Eastern Mediterranean,Country,BHR,Bahrain,Year,2019,true,Sex,Both sexes,BTSX,,,,,,,,,,5.18,,,3.49,,7.37,5.18 [3.49 – 7.37],,,EN,2021-02-08T16:00:00.000Z
RS_198,Estimated road traffic death rate (per 100 000 population),text,EUR,Europe,Country,ITA,Italy,Year,2019,true,Sex,Both sexes,BTSX,,,,,,,,,,5.32,,,4.81,,5.77,5.32 [4.81 – 5.77],,,EN,2021-02-08T16:00:00.000Z
RS_198,Estimated road traffic death rate (per 100 000 population),text,AMR,Americas,Country,CAN,Canada,Year,2019,true,Sex,Both sexes,BTSX,,,,,,,,,,5.34,,,4.1,,6.79,5.34 [4.1 – 6.79],,,EN,2021-02-08T16:00:00.000Z
RS_198,Estimated road traffic death rate (per 100 000 population),text,EUR,Europe,Country,CYP,Cyprus,Year,2019,true,Sex,Both sexes,BTSX,,,,,,,,,,5.75,,,4.12,,7.79,5.75 [4.12 – 7.79],,,EN,2021-02-08T16:00:00.000Z
RS_198,Estimated road traffic death rate (per 100 000 population),text,EUR,Europe,Country,BEL,Belgium,Year,2019,true,Sex,Both sexes,BTSX,,,,,,,,,,5.77,,,4.6,,7.11,5.77 [4.6 – 7.11],,,EN,2021-02-08T16:00:00.000Z
RS_198,Estimated road traffic death rate (per 100 000 population),text,EUR,Europe,Country,CZE,Czechia,Year,2019,true,Sex,Both sexes,BTSX,,,,,,,,,,5.95,,,4.3,,8.02,5.95 [4.3 – 8.02],,,EN,2021-02-08T16:00:00.000Z
RS_198,Estimated road traffic death rate (per 100 000 population),text,EUR,Europe,Country,SVK,Slovakia,Year,2019,true,Sex,Both sexes,BTSX,,,,,,,,,,6.07,,,3.86,,9.19,6.07 [3.86 – 9.19],,,EN,2021-02-08T16:00:00.000Z
RS_198,Estimated road traffic death rate (per 100 000 population),text,EUR,Europe,Country,TUR,Türkiye,Year,2019,true,Sex,Both sexes,BTSX,,,,,,,,,,6.68,,,5.98,,7.35,6.68 [5.98 – 7.35],,,EN,2021-02-08T16:00:00.000Z
RS_198,Estimated road traffic death rate (per 100 000 population),text,EUR,Europe,Country,AZE,Azerbaijan,Year,2019,true,Sex,Both sexes,BTSX,,,,,,,,,,6.73,,,4.14,,10.61,6.73 [4.14 – 10.61],,,EN,2021-02-08T16:00:00.000Z
RS_198,Estimated road traffic death rate (per 100 000 population),text,AMR,Americas,Country,DOM,Dominican Republic,Year,2019,true,Sex,Both sexes,BTSX,,,,,,,,,,64.6,,,39.94,,97.54,64.6 [39.94 – 97.54],,,EN,2021-02-08T16:00:00.000Z
RS_198,Estimated road traffic death rate (per 100 000 population),text,EUR,Europe,Country,MDA,Republic of Moldova,Year,2019,true,Sex,Both sexes,BTSX,,,,,,,,,,7.25,,,5.51,,9.35,7.25 [5.51 – 9.35],,,EN,2021-02-08T16:00:00.000Z
RS_198,Estimated road traffic death rate (per 100 000 population),text,EMR,Eastern Mediterranean,Country,QAT,Qatar,Year,2019,true,Sex,Both sexes,BTSX,,,,,,,,,,7.27,,,5.1,,9.94,7.27 [5.1 – 9.94],,,EN,2021-02-08T16:00:00.000Z
RS_198,Estimated road traffic death rate (per 100 000 population),text,AMR,Americas,Country,VCT,Saint Vincent and the Grenadines,Year,2019,true,Sex,Both sexes,BTSX,,,,,,,,,,7.41,,,5.24,,10.04,7.41 [5.24 – 10.04],,,EN,2021-02-08T16:00:00.000Z
RS_198,Estimated road traffic death rate (per 100 000 population),text,WPR,Western Pacific,Country,BRN,Brunei Darussalam,Year,2019,true,Sex,Both sexes,BTSX,,,,,,,,,,7.45,,,5.09,,10.67,7.45 [5.09 – 10.67],,,EN,2021-02-08T16:00:00.000Z
RS_198,Estimated road traffic death rate (per 100 000 population),text,EUR,Europe,Country,SRB,Serbia,Year,2019,true,Sex,Both sexes,BTSX,,,,,,,,,,7.47,,,5.01,,10.66,7.47 [5.01 – 10.66],,,EN,2021-02-08T16:00:00.000Z
RS_198,Estimated road traffic death rate (per 100 000 population),text,EUR,Europe,Country,MNE,Montenegro,Year,2019,true,Sex,Both sexes,BTSX,,,,,,,,,,7.64,,,5.03,,11.05,7.64 [5.03 – 11.05],,,EN,2021-02-08T16:00:00.000Z
RS_198,Estimated road traffic death rate (per 100 000 population),text,EUR,Europe,Country,BLR,Belarus,Year,2019,true,Sex,Both sexes,BTSX,,,,,,,,,,7.64,,,5.34,,10.75,7.64 [5.34 – 10.75],,,EN,2021-02-08T16:00:00.000Z
RS_198,Estimated road traffic death rate (per 100 000 population),text,EUR,Europe,Country,HUN,Hungary,Year,2019,true,Sex,Both sexes,BTSX,,,,,,,,,,7.74,,,5.72,,10.3,7.74 [5.72 – 10.3],,,EN,2021-02-08T16:00:00.000Z
RS_198,Estimated road traffic death rate (per 100 000 population),text,AMR,Americas,Country,BHS,Bahamas,Year,2019,true,Sex,Both sexes,BTSX,,,,,,,,,,7.75,,,5.34,,10.71,7.75 [5.34 – 10.71],,,EN,2021-02-08T16:00:00.000Z
RS_198,Estimated road traffic death rate (per 100 000 population),text,EUR,Europe,Country,HRV,Croatia,Year,2019,true,Sex,Both sexes,BTSX,,,,,,,,,,7.95,,,5.58,,10.93,7.95 [5.58 – 10.93],,,EN,2021-02-08T16:00:00.000Z
RS_198,Estimated road traffic death rate (per 100 000 population),text,AMR,Americas,Country,GRD,Grenada,Year,2019,true,Sex,Both sexes,BTSX,,,,,,,,,,7.96,,,5.66,,10.64,7.96 [5.66 – 10.64],,,EN,2021-02-08T16:00:00.000Z
RS_198,Estimated road traffic death rate (per 100 000 population),text,EUR,Europe,Country,LVA,Latvia,Year,2019,true,Sex,Both sexes,BTSX,,,,,,,,,,8.05,,,5.58,,11.35,8.05 [5.58 – 11.35],,,EN,2021-02-08T16:00:00.000Z
RS_198,Estimated road traffic death rate (per 100 000 population),text,EUR,Europe,Country,LTU,Lithuania,Year,2019,true,Sex,Both sexes,BTSX,,,,,,,,,,8.14,,,5.83,,11.04,8.14 [5.83 – 11.04],,,EN,2021-02-08T16:00:00.000Z
RS_198,Estimated road traffic death rate (per 100 000 population),text,AMR,Americas,Country,BRB,Barbados,Year,2019,true,Sex,Both sexes,BTSX,,,,,,,,,,8.17,,,5.3,,11.52,8.17 [5.3 – 11.52],,,EN,2021-02-08T16:00:00.000Z
RS_198,Estimated road traffic death rate (per 100 000 population),text,EUR,Europe,Country,PRT,Portugal,Year,2019,true,Sex,Both sexes,BTSX,,,,,,,,,,8.2,,,6.35,,10.19,8.2 [6.35 – 10.19],,,EN,2021-02-08T16:00:00.000Z
RS_198,Estimated road traffic death rate (per 100 000 population),text,EUR,Europe,Country,GRC,Greece,Year,2019,true,Sex,Both sexes,BTSX,,,,,,,,,,8.31,,,6.69,,10.14,8.31 [6.69 – 10.14],,,EN,2021-02-08T16:00:00.000Z
RS_198,Estimated road traffic death rate (per 100 000 population),text,WPR,Western Pacific,Country,KOR,Republic of Korea,Year,2019,true,Sex,Both sexes,BTSX,,,,,,,,,,8.59,,,6.44,,11.88,8.59 [6.44 – 11.88],,,EN,2021-02-08T16:00:00.000Z
RS_198,Estimated road traffic death rate (per 100 000 population),text,AMR,Americas,Country,CUB,Cuba,Year,2019,true,Sex,Both sexes,BTSX,,,,,,,,,,8.89,,,6.34,,11.93,8.89 [6.34 – 11.93],,,EN,2021-02-08T16:00:00.000Z
RS_198,Estimated road traffic death rate (per 100 000 population),text,EMR,Eastern Mediterranean,Country,ARE,United Arab Emirates,Year,2019,true,Sex,Both sexes,BTSX,,,,,,,,,,8.91,,,7.65,,10.12,8.91 [7.65 – 10.12],,,EN,2021-02-08T16:00:00.000Z
RS_198,Estimated road traffic death rate (per 100 000 population),text,EUR,Europe,Country,BGR,Bulgaria,Year,2019,true,Sex,Both sexes,BTSX,,,,,,,,,,9.24,,,6.42,,12.93,9.24 [6.42 – 12.93],,,EN,2021-02-08T16:00:00.000Z
RS_198,Estimated road traffic death rate (per 100 000 population),text,AMR,Americas,Country,TTO,Trinidad and Tobago,Year,2019,true,Sex,Both sexes,BTSX,,,,,,,,,,9.33,,,6.08,,13.46,9.33 [6.08 – 13.46],,,EN,2021-02-08T16:00:00.000Z
RS_198,Estimated road traffic death rate (per 100 000 population),text,EUR,Europe,Country,POL,Poland,Year,2019,true,Sex,Both sexes,BTSX,,,,,,,,,,9.38,,,7.34,,11.97,9.38 [7.34 – 11.97],,,EN,2021-02-08T16:00:00.000Z
RS_198,Estimated road traffic death rate (per 100 000 population),text,WPR,Western Pacific,Country,NZL,New Zealand,Year,2019,true,Sex,Both sexes,BTSX,,,,,,,,,,9.57,,,7.69,,11.62,9.57 [7.69 – 11.62],,,EN,2021-02-08T16:00:00.000Z
